小区1-微信,3346
小区1-小说,1203
小区1-微博,2952
小区1-游戏,3913
小区1-新闻,2358
小区1-音乐,1554
小区1-视频,8878
小区1-邮件,2015
小区1-导航,2880
小区1-电商,11852
小区2-微信,3866
小区2-小说,1813
小区2-微博,5488
小区2-游戏,7539
小区2-新闻,2505
小区2-音乐,1504
小区2-视频,5734
小区2-邮件,377
小区2-导航,3152
小区2-电商,10734
小区3-微信,7125
小区3-小说,2595
小区3-微博,2573
小区3-游戏,7738
小区3-新闻,3835
小区3-音乐,2366
小区3-视频,59406
小区3-邮件,496
小区3-导航,3846
小区3-电商,15486
小区4-微信,22362
小区4-小说,1412
小区4-微博,3231
小区4-游戏,12087
小区4-新闻,2680
小区4-音乐,1957
小区4-视频,106198
小区4-邮件,170
小区4-导航,3804
小区4-电商,48193
小区5-微信,22516
小区5-小说,2035
小区5-微博,6546
小区5-游戏,2778
小区5-新闻,2894
小区5-音乐,1357
小区5-视频,78990
小区5-邮件,164
小区5-导航,3841
小区5-电商,27644
