微信-小区1,3346
微信-小区2,3866
微信-小区3,7125
微信-小区4,22362
微信-小区5,22516
小说-小区1,1203
小说-小区2,1813
小说-小区3,2595
小说-小区4,1412
小说-小区5,2035
微博-小区1,2952
微博-小区2,5488
微博-小区3,2573
微博-小区4,3231
微博-小区5,6546
游戏-小区1,3913
游戏-小区2,7539
游戏-小区3,7738
游戏-小区4,12087
游戏-小区5,2778
新闻-小区1,2358
新闻-小区2,2505
新闻-小区3,3835
新闻-小区4,2680
新闻-小区5,2894
音乐-小区1,1554
音乐-小区2,1504
音乐-小区3,2366
音乐-小区4,1957
音乐-小区5,1357
视频-小区1,8878
视频-小区2,5734
视频-小区3,59406
视频-小区4,106198
视频-小区5,78990
邮件-小区1,2015
邮件-小区2,377
邮件-小区3,496
邮件-小区4,170
邮件-小区5,164
导航-小区1,2880
导航-小区2,3152
导航-小区3,3846
导航-小区4,3804
导航-小区5,3841
电商-小区1,11852
电商-小区2,10734
电商-小区3,15486
电商-小区4,48193
电商-小区5,27644
